Date,Open,High,Low,Close,Volume
2020-01-06,24.18,24.39,24.05,24.13,1091660
2020-01-07,24.26,24.6,24.13,24.6,837240
2020-01-08,24.34,24.43,24.05,24.05,1814290
2020-01-09,24.26,24.43,24.18,24.39,967050
2020-01-10,24.34,24.47,24.18,24.34,1018650
2020-01-13,24.3,24.39,24.13,24.18,786760
2020-01-14,24.18,24.3,24.13,24.13,721680
2020-01-15,24.13,24.18,24.05,24.13,940870
2020-01-16,24.13,24.64,24.13,24.56,1942970
2020-01-17,24.56,24.6,24.13,24.39,1388810
2020-01-20,24.34,24.56,24.22,24.3,1227100
2020-01-21,24.47,24.56,23.5,23.5,4351820
2020-01-22,23.29,23.92,23.16,23.92,3165650
2020-01-30,23.41,23.62,22.82,23.16,2638460
2020-01-31,22.86,23.24,22.02,22.02,4118150
2020-02-03,21.0,22.23,20.75,21.8,3602970
2020-02-04,22.18,22.18,21.59,21.93,1651440
2020-02-05,22.14,22.36,22.02,22.02,1648620
2020-02-06,22.23,22.69,21.93,22.69,1708550
2020-02-07,22.44,22.65,22.36,22.57,1218660
2020-02-10,22.18,22.44,22.06,22.27,738090
2020-02-11,22.4,22.74,22.31,22.69,1085380
2020-02-12,22.78,23.16,22.74,22.9,1104870
2020-02-13,22.9,23.07,22.74,22.99,1030570
2020-02-14,22.9,23.07,22.86,23.07,884240
2020-02-17,23.12,23.12,22.86,22.95,726390
2020-02-18,23.03,23.71,22.99,23.71,1760940
2020-02-19,23.67,23.79,23.5,23.58,681250
2020-02-20,23.75,23.88,23.5,23.62,780810
2020-02-21,23.67,23.67,23.16,23.16,1458040
2020-02-24,22.48,22.82,22.23,22.23,2261990
2020-02-25,22.06,22.86,22.02,22.86,1407720
2020-02-26,22.61,23.37,22.44,23.29,3221270
2020-02-27,23.29,23.92,23.12,23.71,2927040
2020-02-28,23.29,23.58,23.12,23.33,2132200
2020-03-02,23.33,23.79,23.2,23.58,1787060
2020-03-03,23.79,24.13,23.58,23.67,1193800
2020-03-04,23.5,23.5,23.24,23.5,1660790
2020-03-05,23.5,23.67,23.12,23.12,1296450
2020-03-06,22.95,22.99,22.65,22.86,1305030
2020-03-09,21.68,22.02,21.3,21.3,4735140
2020-03-10,21.59,22.02,21.3,21.89,2030340
2020-03-11,22.02,22.23,20.96,21.51,2753310
2020-03-12,20.58,20.87,20.03,20.36,3981670
2020-03-13,19.18,21.17,19.14,20.39,2919140
2020-03-16,20.39,21.04,20.11,20.15,1898960
2020-03-17,19.9,20.53,19.69,20.53,2474650
2020-03-18,20.75,20.79,20.47,20.49,1642800
2020-03-19,20.15,20.36,20.15,20.2,1296590
2020-03-20,20.41,20.43,20.05,20.2,1291360
2020-03-23,19.52,19.86,18.8,18.8,2826690
2020-03-24,19.05,19.05,18.42,18.84,2191500
2020-03-25,19.48,19.64,19.12,19.48,2131790
2020-03-26,19.26,19.41,18.71,18.71,2358310
2020-03-27,18.8,18.8,18.16,18.25,2633750
2020-03-30,17.15,17.4,16.98,17.1,2157690
2020-03-31,17.61,17.95,16.98,17.4,1663050
2020-04-01,17.27,18.29,17.27,17.91,1453030
2020-04-03,18.21,18.9,18.08,18.88,2072000
2020-04-06,19.48,20.11,19.26,20.11,2718990
2020-04-07,20.11,20.2,19.69,20.03,2463810
2020-04-08,19.52,19.92,19.37,19.84,1576670
2020-04-09,19.9,20.15,19.69,19.84,2142370
2020-04-10,19.73,19.9,19.43,19.64,1882020
2020-04-13,19.64,19.9,19.52,19.69,1255360
2020-04-14,20.15,20.96,19.9,20.96,4072050
2020-04-15,21.38,21.51,21.11,21.21,2205200
2020-04-16,21.04,21.51,20.87,21.3,1508480
2020-04-17,21.68,21.72,21.25,21.68,2631630
2020-04-20,21.97,22.02,21.47,21.72,2239780
2020-04-21,21.38,21.55,20.7,20.87,3737050
2020-04-22,20.66,21.68,20.62,21.64,2445860
2020-04-23,22.06,22.1,21.59,21.59,1363410
2020-04-24,21.55,21.68,21.21,21.59,1411380
2020-04-27,21.8,21.8,21.38,21.47,1419750
2020-04-28,21.47,21.51,21.25,21.47,974310
2020-04-29,21.51,21.76,21.38,21.51,1349230
2020-05-04,21.25,21.55,21.08,21.38,895530
2020-05-05,21.51,21.59,21.34,21.55,677990
2020-05-06,21.59,22.48,21.59,22.4,3470150
2020-05-07,22.44,22.65,22.18,22.65,2030720
2020-05-08,22.69,23.33,22.69,22.74,3585320
2020-05-11,22.86,23.03,22.57,22.86,2119430
2020-05-12,22.86,23.03,22.69,23.03,2828190
2020-05-13,23.56,24.58,23.51,24.48,6853810
2020-05-14,24.28,24.35,24.06,24.16,2597400
2020-05-15,23.96,24.25,23.68,23.81,2430890
2020-05-18,23.56,23.98,23.51,23.98,2000950
2020-05-19,24.4,24.65,24.11,24.43,2879030
2020-05-20,24.3,24.3,24.08,24.25,1245380
2020-05-21,24.25,24.45,24.23,24.45,2007060
2020-05-22,24.3,24.3,24.03,24.03,1731720
2020-05-25,24.03,24.11,23.71,24.03,2033000
2020-05-26,24.06,24.2,23.98,24.2,1615680
2020-05-27,24.25,24.5,23.81,23.81,2098580
2020-05-28,23.91,24.11,23.81,23.81,1194380
2020-05-29,23.81,23.86,23.56,23.78,1346170
2020-06-01,23.81,23.98,23.81,23.96,1298150
2020-06-02,23.96,24.06,23.81,23.81,1456730
2020-06-03,23.81,24.28,23.76,24.13,1893060
2020-06-04,24.25,24.25,24.01,24.01,1260060
2020-06-05,24.01,24.16,23.88,24.16,1236200
2020-06-08,24.3,24.8,24.3,24.48,4113250
2020-06-09,24.6,24.63,24.25,24.28,1491540
2020-06-10,24.3,24.3,24.01,24.2,1307540
2020-06-11,24.2,24.2,22.82,22.82,4278060
2020-06-12,22.32,23.31,22.32,23.31,3145450
2020-06-15,23.81,23.81,22.77,22.82,1207500
2020-06-16,23.11,23.21,22.96,23.11,1100730
2020-06-17,23.16,23.19,22.94,22.99,788630
2020-06-18,22.96,23.16,22.89,23.11,822980
2020-06-19,23.11,23.31,23.11,23.31,745470
2020-06-22,23.31,23.31,23.24,23.31,787180
2020-06-23,23.29,24.01,23.19,23.58,1693730
2020-06-24,23.76,23.78,23.34,23.41,607000
2020-06-25,23.14,23.36,23.11,23.21,730810
2020-06-26,23.21,23.39,23.16,23.24,602880
2020-06-29,23.11,23.11,22.74,22.84,1281220
2020-06-30,22.89,23.01,22.52,22.64,1594210
2020-07-01,22.82,22.96,22.72,22.92,866660
2020-07-02,22.96,22.96,22.79,22.89,539160
2020-07-03,23.06,23.06,22.87,22.94,529760
2020-07-06,23.06,23.29,22.96,23.21,1089910
2020-07-07,23.31,23.76,23.31,23.54,2739150
2020-07-08,23.46,23.76,23.46,23.66,1472610
2020-07-09,23.76,24.01,23.71,23.98,2298900
2020-07-10,23.86,23.93,23.56,23.71,1164310
2020-07-13,23.81,24.28,23.68,24.13,2662490
2020-07-14,23.96,24.23,23.96,24.08,1549540
2020-07-15,24.18,24.28,24.01,24.11,1516540
2020-07-16,24.08,24.18,24.01,24.11,1060530
2020-07-17,24.06,24.06,23.86,23.86,1313100
2020-07-20,23.86,23.91,23.49,23.51,2049680
2020-07-21,23.56,23.78,23.44,23.71,940230
2020-07-22,23.81,23.81,23.46,23.51,817890
2020-07-23,23.51,23.68,23.36,23.68,918630
2020-07-24,23.51,23.58,22.52,22.77,3170540
2020-07-27,22.32,22.77,21.63,21.68,3274350
2020-07-28,22.02,22.72,21.9,22.67,1953510
2020-07-29,22.02,22.27,21.72,22.1,1554200
2020-07-30,22.12,22.39,22.12,22.39,612240
2020-07-31,21.82,22.42,21.82,22.07,1106250
2020-08-03,22.12,22.77,22.07,22.77,1392200
2020-08-04,23.06,23.21,22.92,23.09,1051310
2020-08-05,23.06,23.39,22.94,23.31,1328520
2020-08-06,23.31,23.44,23.16,23.21,1153660
2020-08-07,23.21,23.71,23.21,23.36,1283690
2020-08-10,23.49,23.71,23.36,23.41,1160370
2020-08-11,23.54,23.54,23.31,23.31,1209690
2020-08-12,23.36,23.56,23.26,23.56,1233230
2020-08-13,23.78,23.78,23.56,23.78,1709100
2020-08-14,23.86,23.91,23.54,23.71,1633770
2020-08-17,23.76,23.81,23.56,23.81,1048820
2020-08-18,23.81,23.89,23.71,23.73,625200
2020-08-19,23.76,23.84,23.63,23.73,877190
2020-08-20,23.76,24.04,23.73,23.84,1824430
2020-08-21,23.94,24.06,23.91,24.01,1260210
2020-08-24,24.29,24.62,24.24,24.54,3540210
2020-08-25,24.62,24.8,24.6,24.75,3304670
2020-08-26,24.72,24.75,24.42,24.52,1328990
2020-08-27,24.44,25.38,24.44,25.25,3724990
2020-08-28,25.43,25.89,25.28,25.28,4009380
2020-08-31,25.28,25.48,25.0,25.08,1940640
2020-09-01,25.08,25.58,25.0,25.28,1757410
2020-09-03,25.53,25.58,25.28,25.53,2281510
2020-09-04,25.08,25.33,25.08,25.33,1538510
2020-09-07,25.3,25.33,24.57,24.57,2270970
2020-09-08,24.7,25.08,24.57,25.08,1628870
2020-09-09,24.64,25.08,24.62,24.92,1490820
2020-09-10,25.08,25.23,24.87,24.92,1005950
2020-09-11,24.82,24.92,24.75,24.9,872160
2020-09-14,24.95,25.08,24.87,24.98,1127400
2020-09-15,25.08,25.33,24.98,25.33,1906730
2020-09-16,25.33,25.74,25.33,25.58,1918130
2020-09-17,25.48,25.58,25.28,25.33,1563010
2020-09-18,25.38,26.04,25.33,25.94,3306720
2020-09-21,25.99,26.19,25.94,25.94,1530250
2020-09-22,25.74,25.99,25.63,25.99,1630570
2020-09-23,25.99,26.09,25.74,25.89,1797680
2020-09-24,25.68,25.84,25.43,25.58,1728380
2020-09-25,25.68,25.74,25.33,25.74,1205550
2020-09-28,25.78,25.99,25.63,25.89,1312300
2020-09-29,26.04,26.04,25.43,25.43,1900490
2020-09-30,25.43,25.53,25.2,25.33,2500310
2020-10-01,25.43,25.74,25.43,25.74,905510
2020-10-02,25.74,25.89,24.82,25.48,1947940
2020-10-05,25.53,25.74,25.28,25.58,1498360
2020-10-06,25.74,25.78,25.48,25.58,1520290
2020-10-07,25.43,25.68,25.43,25.53,1493710
2020-10-08,25.58,26.09,25.48,25.89,3062690
2020-10-09,25.84,25.94,25.74,25.74,1173500
2020-10-12,25.78,26.04,25.63,25.78,1550680
2020-10-13,25.78,25.84,25.58,25.68,1222200
2020-10-14,25.74,26.04,25.53,25.84,2409760
2020-10-15,25.94,26.04,25.68,25.94,1925370
2020-10-16,25.94,27.3,25.78,26.95,5769540
2020-10-19,27.15,27.25,26.85,27.0,2333670
2020-10-20,26.9,27.0,26.6,26.95,1886160
2020-10-21,26.95,27.61,26.75,26.75,3305010
2020-10-22,26.75,27.36,26.65,27.36,2346540
2020-10-23,27.46,27.61,27.1,27.3,2646310
2020-10-26,27.3,27.61,26.75,26.75,3852510
2020-10-27,26.8,26.95,26.39,26.39,3188810
2020-10-28,26.34,26.54,25.68,25.68,3596230
2020-10-29,25.53,25.99,25.43,25.78,2719690
2020-10-30,26.09,26.09,25.58,26.09,1469970
2020-11-02,26.09,26.19,25.94,26.19,866110
2020-11-03,26.29,26.8,26.19,26.75,2562890
2020-11-04,26.85,27.0,26.6,26.85,1369690
2020-11-05,26.7,27.05,26.34,26.34,1305860
2020-11-06,26.54,26.75,26.39,26.54,987260
2020-11-09,26.75,27.05,26.7,27.05,2011650
2020-11-10,27.36,27.36,26.85,26.85,1739340
2020-11-11,27.05,27.05,26.7,26.85,1668230
2020-11-12,26.85,27.1,26.8,27.1,1234540
2020-11-13,27.25,27.25,27.1,27.25,1318170
2020-11-16,27.36,27.56,26.85,27.0,3713690
2020-11-17,27.15,27.41,26.85,27.36,2515530
2020-11-18,27.51,27.51,27.2,27.36,1757160
2020-11-19,27.51,28.37,27.36,27.91,4980430
2020-11-20,27.91,28.32,27.86,27.96,1837360
2020-11-23,27.96,28.47,27.66,28.32,2824640
2020-11-24,28.32,28.62,27.86,28.17,3003940
2020-11-25,28.52,28.52,27.96,27.96,1835630
2020-11-26,28.12,28.37,27.76,28.22,1635130
2020-11-27,28.32,28.47,28.17,28.47,1986420
2020-11-30,28.72,28.72,28.06,28.06,2761700
2020-12-01,27.86,28.06,27.76,27.96,3427370
2020-12-02,27.86,28.22,27.86,28.17,2108200
2020-12-03,28.17,28.22,27.91,28.17,1627980
2020-12-04,28.06,28.32,28.06,28.22,1380920
2020-12-07,28.32,28.37,28.12,28.22,1455180
2020-12-08,28.22,28.67,28.12,28.47,2297110
2020-12-09,28.52,29.28,28.47,29.13,3001820
2020-12-10,28.88,29.23,28.62,28.62,2112490
2020-12-11,28.67,28.88,28.52,28.88,1750270
2020-12-14,28.88,29.38,28.82,28.98,1443760
2020-12-15,29.13,29.18,28.67,28.72,2666900
2020-12-16,28.98,29.13,28.88,28.93,1995530
2020-12-17,28.82,28.93,28.37,28.62,3594500
2020-12-18,28.62,28.93,28.62,28.82,1532820
2020-12-21,29.03,29.28,28.93,29.13,2307390
2020-12-22,29.08,29.64,28.93,29.43,2576390
2020-12-23,29.53,29.69,28.98,29.13,1391420
2020-12-24,29.13,29.28,28.57,28.88,2386210
2020-12-25,28.88,29.18,28.67,29.18,1625110
2020-12-28,29.33,29.69,29.13,29.33,2197090
2020-12-29,29.33,29.79,29.18,29.69,2172950
2020-12-30,29.84,29.84,29.43,29.43,1204180
2020-12-31,29.43,29.99,29.38,29.94,2036370
2021-01-04,30.19,30.5,30.04,30.5,2151300
2021-01-05,30.4,32.17,30.29,31.76,2332200
2021-01-06,31.97,32.22,31.56,31.61,1796000
2021-01-07,31.71,31.86,31.36,31.66,2150200
2021-01-08,31.92,32.27,31.71,32.07,2720400
2021-01-11,32.37,32.78,32.07,32.78,1972800
2021-01-12,32.93,33.44,32.42,33.33,2435200
2021-01-13,33.38,34.14,33.38,33.69,2612000
2021-01-14,33.69,33.94,33.28,33.64,1777500
2021-01-15,33.94,33.94,33.64,33.74,1540400
2021-01-18,33.94,33.94,33.54,33.59,1209000
2021-01-19,33.44,33.48,31.26,31.41,3505600
2021-01-20,31.76,32.27,30.5,32.07,3663800
2021-01-21,32.67,33.33,32.07,33.23,2313100
2021-01-22,33.28,34.2,33.13,33.89,2090300
2021-01-25,33.84,34.55,33.54,33.94,3111900
2021-01-26,34.2,34.2,33.18,33.44,2597500
2021-01-27,33.28,33.48,31.86,31.92,2226800
2021-01-28,30.4,31.56,29.69,29.69,5092400
2021-01-29,29.89,31.76,29.89,31.76,3211900
2021-02-01,32.62,33.13,31.56,32.17,2017400
2021-02-02,31.97,33.44,31.92,33.44,3264600
2021-02-03,34.2,35.76,33.48,35.46,4173500
2021-02-04,35.61,37.08,35.56,36.73,4398700
2021-02-05,36.98,37.18,36.37,36.93,2084900
2021-02-08,36.88,36.93,35.26,36.12,4035600
2021-02-09,36.17,37.79,35.46,37.79,4224300
2021-02-17,38.6,40.02,38.45,39.46,3139100
2021-02-18,39.46,39.67,38.8,39.62,2243100
2021-02-19,39.21,39.51,38.5,38.8,3722700
2021-02-22,38.8,39.26,38.55,38.91,2319300
2021-02-23,38.65,39.01,37.79,38.25,3369500
2021-02-24,38.5,38.75,37.94,38.2,2225200
2021-02-25,38.55,38.65,37.74,38.6,1927500
2021-02-26,37.99,38.7,37.94,38.6,1936000
2021-03-01,38.96,39.51,38.91,39.46,2078100
2021-03-02,39.97,39.97,38.96,39.46,1821700
2021-03-03,39.51,39.56,39.21,39.36,1599400
2021-03-04,39.36,39.41,38.04,38.45,2901500
2021-03-05,38.3,38.5,37.74,38.45,2507500
2021-03-08,38.5,38.75,38.2,38.4,1656600
2021-03-09,37.99,38.35,37.74,37.99,2182400
2021-03-10,38.45,39.26,37.99,38.65,2602400
2021-03-11,38.75,39.06,38.55,38.85,1477800
2021-03-12,39.01,39.06,38.65,38.75,2062800
2021-03-15,38.8,39.26,38.55,38.75,1760900
2021-03-16,39.01,41.29,38.8,41.03,5111000
2021-03-17,41.29,41.29,40.53,40.93,1603200
2021-03-18,41.03,41.03,40.53,41.03,1807500
2021-03-19,40.53,40.78,40.22,40.43,2247800
2021-03-22,40.27,40.32,39.67,39.87,2084800
2021-03-23,39.77,40.53,39.67,39.92,2201700
2021-03-24,39.46,39.97,38.75,39.01,2480100
2021-03-25,39.26,39.26,38.75,38.8,2305400
2021-03-26,38.7,38.91,37.74,38.55,2672600
2021-03-29,38.75,39.56,38.55,39.31,1997700
2021-03-30,39.41,39.51,39.01,39.06,1512500
2021-03-31,39.06,39.56,38.8,39.36,1373400
2021-04-01,39.46,40.38,39.46,40.38,2500900
2021-04-02,40.73,40.78,40.43,40.43,1950200
2021-04-05,40.73,40.78,39.97,40.32,1487000
2021-04-06,40.07,40.53,40.07,40.22,1505800
2021-04-07,40.12,40.38,40.07,40.32,1503800
2021-04-08,40.63,40.83,40.27,40.32,1609800
2021-04-09,40.48,42.05,40.48,41.59,3970400
2021-04-12,41.74,41.74,41.29,41.59,2022500
2021-04-13,41.54,41.64,40.78,40.88,2038100
2021-04-14,40.53,41.03,40.27,41.03,2530600
2021-04-15,41.03,41.24,40.43,40.53,2096200
2021-04-16,40.43,41.14,39.92,40.38,2194600
2021-04-19,40.53,41.29,40.27,41.29,2380800
2021-04-20,41.44,43.01,41.34,42.0,4742800
2021-04-22,41.59,42.5,40.53,40.53,2271200
2021-04-23,40.53,42.05,40.38,42.05,3166400
2021-04-26,41.79,41.94,40.78,41.03,2551300
2021-04-27,40.73,41.24,40.58,40.88,1287100
2021-04-28,40.58,41.19,40.58,40.93,1366700
2021-04-29,40.93,41.44,40.93,40.98,2095500
2021-05-04,40.53,42.3,40.53,42.0,2362100
2021-05-05,42.6,42.81,41.9,42.0,2321300
2021-05-06,42.05,42.3,41.64,41.9,1969000
2021-05-07,41.9,42.55,41.69,42.05,2705900
2021-05-10,42.1,43.57,42.05,43.46,4504300
2021-05-11,43.57,43.87,43.16,43.16,2078700
2021-05-12,43.06,43.26,42.7,43.26,1844500
2021-05-13,43.06,43.26,42.55,42.55,2558300
2021-05-14,42.7,43.67,42.6,42.96,1858700
2021-05-17,43.46,43.87,43.16,43.41,1744500
2021-05-18,43.77,44.28,43.67,44.07,2133500
2021-05-19,44.33,46.15,43.97,46.0,2876300
2021-05-20,46.0,48.38,45.8,48.38,3523900
2021-05-21,47.77,48.94,47.11,47.52,3222700
2021-05-24,47.52,47.57,46.66,47.37,2669500
2021-05-25,47.37,48.23,47.01,47.52,2156300
2021-05-26,47.72,48.38,47.47,48.28,1992800
2021-05-27,48.28,48.33,47.37,47.52,1745800
2021-05-28,47.77,48.13,47.47,48.02,1874300
2021-05-31,48.38,49.65,47.97,49.6,3237700
2021-06-01,51.74,52.09,51.21,51.26,3495000
2021-06-02,51.26,51.5,50.03,50.32,3053900
2021-06-03,50.03,50.26,49.62,50.15,3190800
2021-06-04,50.03,50.09,49.32,49.85,3820600
2021-06-07,49.79,49.85,47.68,48.68,3711200
2021-06-08,48.26,48.85,47.44,47.56,3486000
2021-06-09,47.44,48.32,46.5,48.09,3576100
2021-06-10,48.09,48.56,47.68,48.2,2214900
2021-06-11,47.97,49.38,47.85,49.15,2359600
2021-06-14,49.09,49.79,48.85,49.32,2547600
2021-06-15,49.32,49.74,48.97,48.97,1778700
2021-06-16,49.03,49.79,48.68,48.91,2462000
2021-06-17,48.32,48.91,48.32,48.62,2236400
2021-06-18,48.91,49.56,48.68,49.32,1681700
2021-06-21,49.2,50.79,48.97,50.38,3878300
2021-06-22,50.68,50.97,50.26,50.26,1760300
2021-06-23,50.2,50.38,49.5,49.97,1599900
2021-06-24,49.97,49.97,49.38,49.85,1657800
2021-06-25,49.85,50.26,49.56,50.15,1503400
2021-06-28,50.62,50.68,50.26,50.44,1858800
2021-06-29,50.97,52.38,50.79,52.15,4897800
2021-06-30,52.38,52.44,51.8,51.8,1651100
2021-07-01,51.85,52.32,51.8,52.32,1700100
2021-07-02,52.56,54.44,52.32,54.09,3873500
2021-07-05,55.5,55.92,53.56,54.56,2934200
2021-07-06,54.44,54.74,51.21,51.21,2640500
2021-07-07,51.21,53.56,50.03,53.27,4910200
2021-07-08,53.21,53.27,52.38,52.85,2375400
2021-07-09,52.74,54.15,52.26,52.8,2947000
2021-07-12,52.26,52.8,49.2,50.68,6764400
2021-07-13,51.15,51.38,50.03,51.21,2207400
2021-07-14,51.56,51.56,49.85,50.15,2433500
2021-07-15,49.85,50.97,49.85,50.26,2714600
2021-07-16,50.56,51.8,50.32,51.09,2285700
2021-07-19,50.15,50.85,49.74,49.85,3288800
2021-07-20,49.91,51.09,49.38,51.09,2553700
2021-07-21,51.09,51.74,50.68,50.97,3369200
2021-07-22,50.74,52.74,50.74,52.62,4445600
2021-07-23,52.62,54.68,52.21,53.27,6755700
2021-07-26,53.15,55.27,53.09,55.15,5773100
2021-07-27,55.56,55.86,54.44,54.86,5007000
2021-07-28,54.62,55.15,53.97,54.15,3346700
2021-07-29,54.15,55.27,53.97,54.97,3712900
2021-07-30,55.03,55.8,54.62,55.33,4525900
2021-08-02,55.33,56.86,55.33,56.27,4275900
2021-08-03,56.39,56.5,55.74,56.39,3607200
2021-08-04,56.44,56.62,55.86,56.27,2818400
2021-08-05,56.03,57.09,55.86,56.86,2485600
2021-08-06,56.97,57.21,56.39,56.86,3413900
2021-08-09,57.09,57.5,56.44,57.39,2934500
2021-08-10,57.86,57.92,57.44,57.56,2680700
2021-08-11,57.5,57.56,56.56,56.56,4883200
2021-08-12,56.39,56.5,54.97,55.21,8399400
2021-08-13,54.8,55.92,54.74,55.92,3618700
2021-08-16,56.51,56.63,56.15,56.27,1906800
2021-08-17,55.97,56.27,55.62,55.79,2801700
2021-08-18,55.79,56.45,55.79,55.91,1951000
2021-08-19,56.51,56.51,55.79,56.21,2721600
2021-08-20,56.21,56.33,54.19,55.2,4349300
2021-08-23,55.02,55.02,54.13,54.13,3436600
2021-08-24,54.43,54.72,53.47,54.66,3081500
2021-08-25,54.96,54.96,54.13,54.66,1344000
2021-08-26,54.72,55.26,54.25,54.37,1758700
2021-08-27,54.13,54.72,53.89,54.72,1896200
2021-08-30,55.32,55.32,54.78,54.84,1494800
2021-08-31,54.9,55.44,54.72,54.96,1952500
2021-09-01,54.78,55.32,54.78,54.96,1353300
2021-09-06,54.96,56.45,54.9,56.45,3124600
2021-09-07,56.69,56.69,55.62,55.62,2290600
2021-09-08,55.62,56.03,55.2,55.38,1453800
2021-09-09,55.38,55.85,55.2,55.44,1393700
2021-09-10,55.56,56.15,55.56,55.62,1440100
2021-09-13,55.68,55.91,55.26,55.32,1600000
2021-09-14,55.5,56.33,55.32,55.79,2523200
2021-09-15,55.79,56.15,55.5,55.97,1690100
2021-09-16,56.15,56.51,56.03,56.33,1924700
2021-09-17,56.8,57.7,56.75,56.92,3325700
2021-09-20,57.1,57.22,55.97,56.15,2526100
2021-09-21,55.56,55.91,55.02,55.62,2697100
2021-09-22,55.44,55.56,55.14,55.44,2027200
2021-09-23,55.44,55.79,55.32,55.38,1394200
2021-09-24,55.44,55.44,55.14,55.14,1449000
2021-09-27,55.26,55.62,54.78,54.78,1546100
2021-09-28,54.54,55.32,54.43,55.32,1393500
2021-09-29,55.32,55.56,54.9,55.44,1177400
2021-09-30,55.62,55.85,55.32,55.32,996900
2021-10-01,55.26,55.38,55.02,55.26,1055400
2021-10-04,55.32,56.63,54.96,56.27,2277800
2021-10-05,56.51,57.1,56.15,56.15,1392800
2021-10-06,56.21,56.33,55.74,56.15,1571300
2021-10-07,56.45,56.51,55.97,56.09,1497000
2021-10-08,56.51,59.18,56.15,58.83,8305600
2021-10-11,58.89,59.07,58.47,59.01,2295500
2021-10-12,59.01,59.01,58.59,58.89,1125300
2021-10-13,58.89,60.37,58.59,59.12,3232500
2021-10-14,59.12,59.48,58.53,58.77,1824200
2021-10-15,59.12,59.54,58.53,58.83,1702500
2021-10-18,58.89,59.48,58.65,58.89,2264100
2021-10-19,58.89,59.18,58.65,58.65,1534300
2021-10-20,58.71,59.18,57.46,58.06,2248600
2021-10-21,58.53,58.59,57.52,57.52,2283600
2021-10-22,57.7,57.94,57.16,57.22,2023400
2021-10-25,57.22,57.22,56.45,56.45,2938500
2021-10-26,56.51,57.64,56.09,57.64,1855700
2021-10-27,57.58,58.41,57.4,58.41,2326700
2021-10-28,58.41,58.53,57.82,58.29,1644700
2021-10-29,58.29,58.29,57.64,57.64,2382700
2021-11-01,57.94,57.94,56.86,56.98,2855800
2021-11-02,56.8,57.7,56.8,57.16,2109100
2021-11-03,57.22,57.52,56.63,57.16,2680100
2021-11-04,57.16,57.58,56.92,57.1,1761300
2021-11-05,57.22,58.17,57.1,58.06,2169900
2021-11-08,58.06,58.59,57.88,57.94,1687900
2021-11-09,58.0,58.06,57.1,57.34,1845900
2021-11-10,57.34,57.7,57.04,57.7,1592400
2021-11-11,57.7,58.29,56.98,57.1,2122200
2021-11-12,57.22,58.41,57.04,58.29,2240300
2021-11-15,58.59,58.59,57.88,57.88,1908900
2021-11-16,57.88,59.18,57.58,58.47,3506200
2021-11-17,58.47,58.53,58.29,58.47,1186200
2021-11-18,58.47,58.71,57.4,57.4,2005000
2021-11-19,58.0,58.17,56.57,56.69,2481300
2021-11-22,56.8,57.1,56.51,56.51,1670100
2021-11-23,56.51,57.46,56.45,57.46,1150800
2021-11-24,57.52,58.53,57.34,58.23,2445600
2021-11-25,58.59,60.55,58.47,59.48,5487400
2021-11-26,59.54,59.96,58.77,58.83,1996200
2021-11-29,58.0,58.83,58.0,58.35,1993000
2021-11-30,58.35,58.59,57.7,57.76,2563100
2021-12-01,58.0,58.65,57.52,58.41,1254900
2021-12-02,58.06,58.47,57.82,57.82,952900
2021-12-03,58.17,58.17,56.8,56.8,2009700
2021-12-06,56.8,57.4,56.03,56.21,2393800
2021-12-07,56.51,57.1,56.21,57.1,1451000
2021-12-08,57.4,57.4,56.51,56.86,1064800
2021-12-09,56.57,57.7,56.57,57.7,993100
2021-12-10,57.34,57.7,56.75,56.98,1160000
2021-12-13,57.4,57.4,56.86,57.1,900200
2021-12-14,57.1,57.34,56.75,56.92,1144500
2021-12-15,56.92,57.28,56.86,57.04,808400
2021-12-16,58.0,58.0,56.8,56.8,1245000
2021-12-17,56.86,57.7,56.8,57.34,1152100
2021-12-20,57.4,57.4,56.8,56.98,1019800
2021-12-21,56.92,57.04,56.57,56.63,1112300
2021-12-22,56.51,56.75,56.27,56.51,1670500
2021-12-23,56.51,56.51,55.32,55.44,1930300
2021-12-24,55.62,56.21,55.2,55.79,1186700
2021-12-27,56.03,56.51,55.5,56.21,793700
2021-12-28,56.21,56.45,55.97,56.21,567300
2021-12-29,56.39,56.39,55.68,55.68,912200
2021-12-30,55.74,56.09,55.62,55.68,810800
2021-12-31,55.79,56.15,55.32,55.32,1607400
2021-12-31,55.79,56.15,55.32,55.32,1607400
2022-01-04,55.56,56.03,55.5,55.62,1935000
2022-01-05,55.74,56.03,55.62,55.68,1193800
2022-01-06,55.68,55.91,55.62,55.62,1192400
2022-01-07,55.38,55.74,55.38,55.56,1016800
2022-01-10,55.44,55.62,54.66,54.72,1882400
2022-01-11,54.72,54.84,53.0,53.24,2509300
2022-01-12,53.0,53.89,52.64,53.3,1740700
2022-01-13,54.07,55.14,53.42,54.78,1811800
2022-01-14,54.54,54.78,54.07,54.31,686700
2022-01-17,53.83,54.31,52.94,52.94,1568400
2022-01-18,52.52,53.3,52.34,52.4,1209900
2022-01-19,52.4,53.06,52.34,52.52,744900
2022-01-20,52.58,54.13,52.52,52.82,1334600
2022-01-21,52.94,53.42,52.46,52.46,841200
2022-01-24,52.46,52.64,50.56,50.74,2024200
2022-01-25,50.68,52.05,49.96,51.45,1192600
2022-01-26,51.75,51.75,50.86,51.16,913600
2022-01-27,51.16,51.57,50.8,51.1,719600
2022-01-28,51.16,53.24,51.1,53.24,1552300
2022-02-07,53.53,53.59,52.94,53.24,518400
2022-02-08,53.24,54.6,53.24,53.89,845100
2022-02-09,54.54,54.54,53.89,53.95,1142700
2022-02-10,54.37,54.72,53.65,54.72,974900
2022-02-11,54.6,54.96,54.37,54.49,641600
2022-02-14,54.13,54.49,53.77,54.13,774100
2022-02-15,54.13,54.54,53.83,54.19,655400
2022-02-16,54.54,55.02,54.31,54.31,614200
2022-02-17,54.66,55.2,54.13,55.2,853700
2022-02-18,54.9,55.02,54.54,54.84,618800
2022-02-21,54.84,55.91,54.72,55.62,1386000
2022-02-22,55.32,55.5,54.72,55.26,1158200
2022-02-23,55.08,55.85,55.08,55.32,973800
2022-02-24,55.32,55.62,53.53,54.72,1349600
2022-02-25,54.96,55.56,54.78,54.9,1059900
2022-02-28,54.9,55.62,54.9,55.5,1504600
2022-03-01,55.91,55.91,55.02,55.56,1101900
2022-03-02,55.32,55.56,55.14,55.38,1088900
2022-03-03,55.44,55.91,55.44,55.56,957600
2022-03-04,55.5,55.79,55.32,55.62,1343800
2022-03-07,55.38,55.85,54.84,55.79,1698000
2022-03-08,55.79,56.75,55.08,56.39,2227500
2022-03-09,56.27,57.4,56.27,56.8,2204000
2022-03-10,57.28,57.28,56.27,56.27,778700
2022-03-11,56.21,56.27,55.14,55.44,1139000
2022-03-14,55.32,55.32,53.83,54.6,1943000
2022-03-15,54.6,54.6,53.42,54.13,1872000
2022-03-16,54.19,54.9,53.83,54.49,1139600
2022-03-17,54.6,55.14,54.43,54.72,1180600
2022-03-18,55.32,57.46,55.32,56.57,2815100
2022-03-21,56.63,57.1,56.51,56.69,1560700
2022-03-22,57.1,57.7,56.75,57.34,2079200
2022-03-23,57.4,58.0,57.1,57.4,1975800
2022-03-24,57.1,57.82,56.69,57.1,1823700
2022-03-25,57.16,57.4,56.86,56.92,1228100
2022-03-28,56.8,58.71,56.63,58.35,3501600
2022-03-29,58.65,62.4,58.65,62.4,8224300
2022-03-30,62.93,63.82,62.16,63.05,2830700
2022-03-31,62.75,65.79,62.22,63.65,3472300
2022-04-01,63.59,66.03,63.11,66.03,4317300
2022-04-04,67.51,67.51,65.01,65.01,2687800
2022-04-05,64.9,66.38,64.83,64.83,1863900
2022-04-06,64.48,67.81,64.48,67.22,4179000
2022-04-07,67.63,69.54,66.68,67.39,3915200
2022-04-08,67.39,67.75,64.54,64.54,4069700
2022-04-12,64.83,66.32,63.41,65.31,3162100
2022-04-13,65.43,68.46,65.31,68.46,3322800
2022-04-14,68.52,70.72,68.52,69.36,3529400
2022-04-15,68.46,70.13,67.81,68.4,3121400
2022-04-18,68.4,70.55,67.81,68.7,3356100
2022-04-19,69.3,69.59,66.62,66.62,4731000
2022-04-20,66.62,67.22,65.19,66.62,3295000
2022-04-21,66.14,68.94,66.14,66.62,4068500
2022-04-22,66.92,67.75,63.05,66.08,5708900
2022-04-25,65.49,65.97,61.5,61.5,4605900
2022-04-26,59.6,62.46,57.7,62.04,5431400
2022-04-27,60.97,61.86,59.78,61.27,2529700
2022-04-28,61.21,63.53,60.97,62.75,2530400
2022-04-29,62.46,63.7,61.98,62.46,3991500
2022-05-04,62.4,62.99,61.92,62.16,1598400
2022-05-05,62.22,62.75,60.61,62.28,2194900
2022-05-06,60.85,61.86,59.6,59.6,2430900
2022-05-09,58.47,58.89,55.91,55.91,4499100
2022-05-10,55.91,58.77,54.72,58.53,2816700
2022-05-11,58.29,60.61,57.58,60.61,1667700
2022-05-12,59.07,60.61,56.51,56.86,2591500
2022-05-13,57.16,58.89,55.38,55.68,4103700
2022-05-16,58.0,58.0,55.44,55.44,1740900
2022-05-17,55.32,59.3,55.02,59.3,2045800
2022-05-18,59.3,59.54,58.0,58.11,1934400
2022-05-19,56.57,58.11,56.57,57.7,1228600
2022-05-20,58.11,58.83,57.7,58.0,1410400
2022-05-23,58.41,58.41,57.16,57.4,1136900
2022-05-24,57.4,58.41,57.1,58.41,1384700
2022-05-25,59.18,62.46,58.71,62.46,3770800
2022-05-26,62.58,63.7,62.22,62.81,1426400
2022-05-27,62.81,66.62,62.75,66.5,3878400
2022-05-30,66.08,66.86,64.95,66.2,2496900
2022-05-31,66.2,66.2,63.94,65.37,2157000
2022-06-01,65.37,67.16,65.31,66.5,2036500
2022-06-02,67.1,68.28,66.08,66.32,2292800
2022-06-03,66.32,67.81,65.97,67.81,1755900
2022-06-06,67.81,69.0,66.62,67.22,2558200
2022-06-07,67.04,68.76,64.6,68.76,3908000
2022-06-08,69.18,69.95,68.11,68.4,2660400
2022-06-09,68.7,68.94,67.39,68.58,1706300
2022-06-10,67.45,68.23,65.43,65.43,2972500
2022-06-13,63.39,65.4,61.95,62.09,3393300
2022-06-14,61.95,64.76,61.58,64.18,2308300
2022-06-15,65.26,65.26,63.39,65.19,1762600
2022-06-16,65.55,67.56,64.97,66.27,2517500
2022-06-17,65.04,66.7,64.11,66.27,2321400
2022-06-20,67.35,68.07,65.76,66.27,2483900
2022-06-21,66.56,67.35,64.11,64.18,2460200
2022-06-22,64.68,65.11,60.79,60.86,2971400
2022-06-23,60.5,62.52,60.29,61.58,2022500
2022-06-24,62.02,63.24,61.58,61.58,902400
2022-06-27,62.23,63.31,61.87,62.31,1254800
2022-06-28,64.47,64.97,62.81,64.61,2296600
2022-06-29,64.03,64.83,63.53,64.83,1182600
2022-06-30,64.47,64.76,62.09,62.09,1506500
2022-07-01,62.67,63.96,61.08,63.39,1696500
2022-07-04,63.75,63.75,61.95,62.45,1005500
2022-07-05,63.24,63.24,61.51,61.51,1395600
2022-07-06,60.58,61.87,60.14,60.14,2232400
2022-07-07,60.43,60.94,59.86,59.86,1286300
2022-07-08,60.43,60.5,59.86,60.22,910400
2022-07-11,60.94,60.94,59.64,59.64,998100
2022-07-12,59.64,60.14,59.57,60.14,602800
2022-07-13,60.5,60.5,59.42,59.42,1140700
2022-07-14,59.64,60.14,59.21,59.64,891300
2022-07-15,60.5,60.5,59.21,59.21,1382300
2022-07-18,59.64,60.86,59.28,59.78,1264900
2022-07-19,59.71,59.78,59.21,59.78,1185400
2022-07-20,61.22,61.87,60.5,61.15,2848900
2022-07-21,61.87,61.87,60.86,61.22,1804200
2022-07-22,62.23,62.31,61.3,61.3,1307200
2022-07-25,62.67,62.67,61.3,61.51,2245900
2022-07-26,61.95,61.95,61.08,61.08,1128800
2022-07-27,60.94,61.37,60.79,61.37,771100
2022-07-28,61.37,61.8,59.86,61.15,1664800
2022-07-29,61.3,61.37,60.14,60.14,1941800
2022-08-01,60.5,60.65,59.86,60.5,1815100
2022-08-02,60.5,61.3,60.14,61.22,1879700
2022-08-03,61.22,61.37,60.65,61.08,2249500
2022-08-04,61.3,62.38,61.15,62.02,3046800
2022-08-05,62.02,62.81,61.66,61.8,1773100
2022-08-08,61.87,62.23,61.44,61.95,1586800
2022-08-09,61.95,63.03,61.73,62.09,2320800
2022-08-10,62.16,62.45,61.95,61.95,1121400
2022-08-11,62.09,62.52,61.73,61.95,1852800
2022-08-12,61.73,62.31,61.73,62.31,1243100
2022-08-15,62.38,64.18,62.38,64.03,3085000
2022-08-16,64.03,64.4,63.46,63.89,1382800
2022-08-17,64.11,64.18,63.39,63.6,1506200
2022-08-18,63.31,64.61,63.31,63.6,2552900
2022-08-19,63.39,63.75,62.09,62.59,1957600
2022-08-22,62.38,62.88,61.87,62.52,1634000
2022-08-23,62.02,62.67,62.02,62.67,1085700
2022-08-24,63.03,63.25,62.74,62.81,1008000
2022-08-25,62.81,63.18,62.67,62.88,1143900
2022-08-26,62.96,63.98,62.88,63.54,1936600
2022-08-29,63.4,63.4,61.72,63.03,2228000
2022-08-30,63.03,63.4,62.67,62.96,1153200
2022-08-31,62.52,63.4,62.52,63.1,1173700
2022-09-05,63.03,63.18,62.59,62.81,1020900
2022-09-06,62.67,62.96,62.52,62.52,1171600
2022-09-07,62.3,62.59,61.21,61.21,2236400
2022-09-08,61.28,61.94,61.06,61.43,1135600
2022-09-09,61.65,61.94,61.43,61.43,1145400
2022-09-12,62.01,62.08,61.43,61.65,741003
2022-09-13,61.94,62.16,61.43,61.65,1062534
2022-09-14,60.84,61.57,60.84,61.21,1319726
2022-09-15,61.57,61.57,60.99,60.99,787676
2022-09-16,60.99,61.14,60.12,60.12,1367082
2022-09-19,60.12,60.92,59.68,60.55,1791147
2022-09-20,60.55,61.06,59.97,60.77,579770
2022-09-21,60.7,60.7,59.97,59.97,778267
2022-09-22,59.75,60.48,59.68,60.41,1176159
2022-09-23,60.55,60.55,59.82,60.04,843288
2022-09-26,59.39,59.75,58.51,59.39,1869134
2022-09-27,59.75,59.75,58.66,58.66,935561
2022-09-28,58.37,58.59,56.84,56.84,2052319
2022-09-29,58.15,58.37,56.11,56.11,1306874
2022-09-30,56.11,58.88,56.04,58.66,2115328
2022-10-03,58.0,58.51,55.67,56.11,1250717
2022-10-04,56.84,57.56,56.25,56.47,2043505
2022-10-05,57.56,57.93,57.13,57.13,973961
2022-10-06,57.49,57.49,55.74,55.74,1269026
2022-10-07,55.52,55.52,53.92,53.92,2066184
2022-10-10,53.56,55.02,52.54,53.92,1629697
2022-10-11,53.92,53.92,51.74,51.74,1596971
2022-10-12,51.74,53.41,51.74,52.76,1466379
2022-10-13,52.61,53.19,52.1,53.19,830864
2022-10-14,54.21,54.29,53.63,53.92,846734
2022-10-17,53.56,53.85,52.9,53.78,709751
2022-10-18,53.92,54.87,53.92,54.58,880847
2022-10-19,54.58,55.52,54.43,55.02,1025903
2022-10-20,55.23,57.2,54.87,56.69,1733758
2022-10-21,56.62,56.62,53.85,53.85,1569208
2022-10-24,53.85,54.29,51.74,51.81,1429975
2022-10-25,52.03,54.29,51.81,53.34,1567991
2022-10-26,54.29,54.29,52.98,53.78,626989
2022-10-27,54.0,55.52,53.7,55.23,938494
2022-10-28,55.6,55.6,54.43,54.65,878087
2022-10-31,54.65,55.38,53.7,55.09,1087300
2022-11-01,55.6,55.96,54.65,55.02,563319
2022-11-02,54.8,55.38,53.92,53.92,980330
2022-11-03,54.29,55.16,53.7,54.0,624173
2022-11-04,53.92,53.92,52.1,53.12,1649525
2022-11-07,52.9,53.92,52.9,52.9,1574023
2022-11-08,52.1,53.85,52.03,53.41,947845
2022-11-09,53.41,54.14,53.41,53.92,699349
2022-11-10,53.56,53.7,50.35,53.19,1598605
2022-11-11,53.27,53.63,52.46,53.05,1004524
2022-11-14,52.46,52.76,51.01,51.59,1642109
2022-11-15,51.01,51.01,48.02,48.02,3123365
2022-11-16,44.67,51.01,44.67,50.5,3056552
2022-11-17,50.5,52.46,47.0,51.74,1548529
2022-11-18,51.08,52.46,50.42,52.1,1264028
2022-11-21,50.64,52.32,50.64,51.08,842416
2022-11-22,51.01,52.46,50.35,51.37,1178595
2022-11-23,51.01,51.74,50.79,51.37,467451
2022-11-24,50.86,51.74,50.57,51.37,789675
2022-11-25,51.44,52.46,51.37,52.46,1268624
2022-11-28,52.76,54.29,52.68,54.14,1151034
2022-11-29,54.58,54.58,53.19,54.14,1146480
2022-11-30,54.29,54.58,53.56,54.36,914889
2022-12-01,54.72,55.23,54.0,54.43,1779052
2022-12-02,54.43,56.62,53.92,56.4,2906008
2022-12-05,56.84,57.56,56.4,57.06,1221587
2022-12-06,57.06,57.49,55.38,55.38,1541582
2022-12-07,55.31,55.82,54.5,55.74,1031634
2022-12-08,56.04,57.42,55.09,56.11,1269574
2022-12-09,55.6,56.84,55.52,56.84,989370
2022-12-12,56.54,56.98,55.67,56.11,1215379
2022-12-13,55.52,56.33,54.8,56.25,901395
2022-12-14,56.25,56.47,55.45,55.6,1159669
2022-12-15,55.67,56.91,55.67,56.62,1172479
2022-12-16,56.11,56.84,55.67,56.76,912560
2022-12-19,57.06,57.06,55.82,55.82,1028326
2022-12-20,56.25,56.25,54.94,55.82,787843
2022-12-21,56.25,56.4,55.16,56.25,545497
2022-12-22,56.25,56.47,55.38,56.25,659431
2022-12-23,55.67,56.84,55.52,56.84,1222704
2022-12-26,56.62,56.91,55.67,55.67,833640
2022-12-27,55.67,56.47,55.38,55.74,806989
2022-12-28,56.11,56.11,55.38,55.89,590282
2022-12-29,55.74,56.11,55.52,55.52,656647
2022-12-30,55.52,56.04,55.38,56.04,629719
2022-12-30,55.52,56.04,55.38,56.04,629719
2023-01-03,56.04,58.29,55.96,58.29,1538861
2023-01-04,58.88,59.02,57.78,58.29,796544
2023-01-05,58.44,59.39,58.44,58.73,1014719
2023-01-06,58.59,59.1,58.44,58.51,721096
2023-01-09,58.66,58.95,58.22,58.51,520315
2023-01-10,58.8,59.24,58.44,58.59,754254
2023-01-11,58.59,59.46,58.59,58.95,1078639
2023-01-12,59.02,59.39,58.44,58.8,544065
2023-01-13,58.66,59.17,58.29,58.29,629501
2023-01-16,58.37,59.02,58.08,58.88,576876
2023-01-17,59.17,59.75,59.02,59.75,980634
2023-01-18,59.82,60.77,59.61,60.77,956810
2023-01-19,60.48,61.36,60.41,61.14,1329468
2023-01-27,61.28,62.3,61.21,61.21,1145253
2023-01-30,61.36,61.5,60.99,60.99,893299
2023-01-31,60.84,60.99,59.53,60.84,1531495
2023-02-01,61.21,61.21,59.61,59.75,1051061
2023-02-02,59.82,60.04,59.24,59.68,1327690
2023-02-03,59.75,59.75,58.37,58.37,1730152
2023-02-06,58.29,59.46,58.08,58.66,946115
2023-02-07,58.66,59.68,58.66,58.8,752838
2023-02-08,58.88,59.53,58.73,59.17,671553
2023-02-09,59.02,59.46,58.8,58.8,743939
2023-02-10,59.1,59.17,58.66,58.8,725810
2023-02-13,58.8,59.17,58.29,58.8,614692
2023-02-14,58.8,59.02,58.44,58.88,621417
2023-02-15,58.66,59.68,58.51,59.46,646219
2023-02-16,59.46,59.75,58.8,59.46,425495
2023-02-17,59.17,59.46,59.02,59.46,468845
2023-02-20,59.46,60.48,59.31,60.33,1277504
2023-02-21,60.33,60.99,60.19,60.33,841841
2023-02-22,59.97,60.12,59.61,59.61,748561
2023-02-23,59.53,59.53,58.73,59.31,1161953
2023-02-24,59.1,59.24,58.59,58.88,559986
2023-02-27,58.29,58.66,58.22,58.51,1016698
2023-02-28,58.29,58.8,57.93,58.66,525466
2023-03-01,57.93,58.66,57.35,58.66,1377551
2023-03-02,58.29,58.66,58.15,58.29,431732
2023-03-03,57.78,58.29,57.2,57.2,741791
2023-03-06,56.91,58.15,56.91,56.98,818674
2023-03-07,57.64,58.22,57.42,57.42,793553
2023-03-08,57.2,57.93,57.2,57.93,511968
2023-03-09,57.93,58.8,57.71,58.73,641624
2023-03-10,58.44,58.59,57.56,57.93,641543
2023-03-13,56.91,57.86,56.91,57.49,887883
2023-03-14,57.56,57.64,57.2,57.35,428257
2023-03-15,57.64,58.66,57.64,58.66,693264
2023-03-16,58.29,58.29,57.13,57.71,850831
2023-03-17,58.0,58.29,57.27,57.56,430362
2023-03-20,57.64,57.78,56.54,56.54,771192
2023-03-21,57.27,57.35,56.18,56.91,537316
2023-03-22,56.98,57.27,56.54,57.2,611402
2023-03-23,57.13,57.2,56.54,56.84,357327
2023-03-24,57.06,57.42,56.84,57.27,367884
2023-03-27,57.49,57.71,57.2,57.64,768784
2023-03-28,57.71,57.71,56.47,57.71,1001517
2023-03-29,57.71,57.78,57.27,57.56,405351
2023-03-30,57.56,57.78,57.42,57.64,409438
2023-03-31,57.64,57.93,57.56,57.64,672646
2023-04-03,57.86,58.95,57.64,58.95,1172390
2023-04-04,58.95,59.02,58.29,58.66,585746
2023-04-05,58.66,58.73,58.08,58.73,423371
2023-04-06,58.8,59.39,58.51,58.51,614350
2023-04-07,58.44,58.8,58.29,58.66,360755
2023-04-10,59.02,59.02,58.37,58.51,771039
2023-04-11,58.44,58.66,58.37,58.51,534886
2023-04-12,58.51,58.66,58.22,58.51,575815
2023-04-13,58.51,58.59,57.78,58.0,542069
2023-04-14,58.22,58.37,57.78,58.0,399536
2023-04-17,58.0,58.08,57.56,58.0,450882
2023-04-18,58.0,58.29,57.71,57.86,302472
2023-04-19,58.15,58.15,57.78,57.78,420463
2023-04-20,58.15,58.15,57.71,57.86,365619
2023-04-21,58.29,58.29,57.78,57.78,324840
2023-04-24,57.93,58.73,57.56,57.64,795812
2023-04-25,57.64,57.78,57.06,57.13,541028
2023-04-26,56.91,57.13,56.54,57.06,772857
2023-04-27,56.91,57.42,56.91,57.06,221966
2023-04-28,57.42,57.42,56.47,56.47,946202
2023-05-04,56.69,57.35,56.54,57.2,498526
2023-05-05,57.27,57.27,56.98,57.13,320239
2023-05-08,57.2,57.49,57.13,57.2,364297
2023-05-09,57.27,58.15,57.27,57.49,607003
2023-05-10,57.56,58.0,57.56,57.56,633179
2023-05-11,57.64,58.0,57.56,57.64,477378
2023-05-12,57.78,58.73,57.42,58.66,1085041
2023-05-15,59.31,59.61,58.88,59.02,936340
2023-05-16,59.02,59.53,58.88,59.39,768209
2023-05-17,59.68,60.26,59.1,59.39,977785
2023-05-18,59.61,60.48,59.31,60.41,1552354
2023-05-19,60.48,60.7,59.61,60.33,1075113
2023-05-22,60.33,60.33,59.75,60.12,562355
2023-05-23,60.12,60.12,59.31,59.75,657960
2023-05-24,59.75,59.82,59.1,59.24,465813
2023-05-25,59.17,60.77,59.02,60.63,1343692
2023-05-26,60.55,60.77,59.97,60.55,865789
2023-05-29,60.84,60.99,60.41,60.55,881263
2023-05-30,60.48,61.86,60.41,61.21,1662064
2023-05-31,61.36,61.36,60.55,61.28,840575
2023-06-01,61.21,61.21,60.55,60.84,538944
2023-06-02,60.84,61.43,60.55,61.06,738485
2023-06-05,61.14,62.08,61.06,61.94,1428499
2023-06-06,62.16,62.16,61.72,62.16,516234
2023-06-07,61.94,62.23,61.43,61.94,707049
2023-06-08,61.72,61.86,60.84,60.92,1246481
2023-06-09,61.43,61.72,60.99,61.65,681805
2023-06-12,61.57,61.86,60.92,61.86,521246
2023-06-13,61.5,61.86,61.43,61.5,468477
2023-06-14,61.43,61.79,61.28,61.36,659704
2023-06-15,61.36,61.5,60.92,61.28,800193
2023-06-16,61.28,62.81,60.77,61.57,2234265
2023-06-19,61.72,62.3,61.57,61.72,664779
2023-06-20,61.94,62.52,61.72,62.3,946100
2023-06-21,62.3,62.96,62.23,62.52,707032
2023-06-22,62.74,63.03,61.72,62.3,1021586
2023-06-23,62.38,62.38,61.79,62.01,823244
2023-06-26,62.01,62.52,61.65,62.52,861394
2023-06-27,62.67,63.61,62.67,63.61,1544056
2023-06-28,63.69,63.98,63.4,63.4,967842
2023-06-29,63.4,63.47,63.03,63.03,563802
2023-06-30,63.03,63.1,62.67,62.67,734840
2023-07-03,63.03,63.25,62.67,62.96,1041108
2023-07-04,62.96,63.4,62.81,63.4,1329492
2023-07-05,63.66,64.85,63.41,63.41,1791184
2023-07-06,63.41,63.75,62.73,63.24,1522489
2023-07-07,62.9,64.0,62.9,63.83,899592
2023-07-10,63.83,64.34,63.49,63.83,1156888
2023-07-11,63.83,63.92,63.58,63.58,1093461
2023-07-12,63.58,64.17,63.49,63.83,906936
2023-07-13,64.26,64.26,63.92,64.26,1255041
2023-07-14,65.19,66.37,64.51,66.37,2826852
2023-07-17,66.97,67.14,66.54,66.97,1156882
2023-07-18,66.97,66.97,66.2,66.71,719990
2023-07-19,66.54,66.88,66.37,66.54,710544
2023-07-20,66.63,68.92,66.54,68.07,2297840
2023-07-21,67.56,68.66,67.48,68.66,1275567
2023-07-24,68.66,68.92,68.32,68.66,1175667
2023-07-25,68.66,69.68,68.66,68.92,1060033
2023-07-26,68.83,70.1,68.75,70.1,1273543
2023-07-27,70.19,71.54,70.19,70.95,1421340
2023-07-28,70.78,71.54,70.44,71.54,900725
2023-07-31,71.8,72.73,71.54,72.56,1475315
2023-08-01,72.56,73.16,71.63,71.63,1290289
2023-08-02,71.63,71.88,70.78,70.78,999318
2023-08-03,71.04,71.38,70.27,70.95,910770
2023-08-04,71.21,71.63,70.61,70.61,1620226
2023-08-07,70.87,71.63,70.61,71.63,755463
2023-08-08,71.21,71.72,71.04,71.38,638510
2023-08-09,71.21,71.8,70.36,70.44,985253
2023-08-10,70.44,70.61,69.68,69.68,1345605
2023-08-11,69.51,70.36,69.09,69.51,1146772
2023-08-14,69.6,70.53,69.51,70.02,1016349
2023-08-15,70.02,71.46,69.09,71.21,1677357
2023-08-16,70.53,72.22,70.53,72.14,2613481
2023-08-17,72.05,73.92,72.05,72.9,3708846
2023-08-18,72.56,74.51,71.46,72.48,4252285
2023-08-21,72.82,73.5,72.48,72.82,2461231
2023-08-22,73.16,73.32,70.36,73.32,2337900
2023-08-23,73.24,73.58,71.8,73.32,1422837
2023-08-24,73.33,77.27,72.98,77.19,5269510
2023-08-25,76.76,78.04,76.42,77.7,2802665
2023-08-28,78.9,80.88,78.04,80.62,2969885
2023-08-29,80.62,80.62,79.59,80.28,1556447
2023-08-30,79.93,84.22,79.85,82.85,2376554
2023-08-31,82.85,83.62,82.42,82.93,1409398
2023-09-05,83.28,84.65,83.02,83.02,1448003
2023-09-06,83.28,84.91,82.59,84.91,2503495
2023-09-07,84.91,86.45,83.71,83.96,3257432
2023-09-08,83.62,84.48,83.19,83.71,2122234
2023-09-11,84.65,85.34,81.73,83.53,5159148
2023-09-12,83.53,84.82,83.53,84.82,2687116
2023-09-13,84.82,84.91,83.53,84.05,2895387
2023-09-14,84.05,84.05,81.9,82.25,2324353
2023-09-15,82.33,83.88,81.73,83.62,2140173
2023-09-18,83.1,83.1,82.08,83.1,2030801
2023-09-19,83.02,84.39,82.25,84.39,3588961
2023-09-20,84.74,85.51,84.48,84.48,2449993
2023-09-21,84.48,84.82,82.59,83.02,3422654
2023-09-22,81.56,83.19,79.42,82.93,6867488
2023-09-25,83.19,83.71,80.88,80.88,2102701
2023-09-26,80.79,81.9,79.85,80.19,2159726
2023-09-27,80.53,80.88,77.53,80.88,4516129
2023-09-28,80.7,80.88,78.39,80.62,1768685
2023-09-29,80.62,81.39,79.59,79.59,1637648
2023-10-02,80.1,80.45,78.9,79.93,1139848
2023-10-03,79.08,80.19,78.47,79.08,2010673
2023-10-04,78.3,80.1,78.3,79.33,1593917
2023-10-05,79.59,80.02,78.56,78.56,1370603
2023-10-06,78.47,79.59,78.04,79.5,1149293
2023-10-09,79.25,81.99,79.08,81.99,3660637
2023-10-10,82.76,83.36,81.82,82.59,3259197
2023-10-11,82.25,84.05,82.25,83.19,2361344
2023-10-12,83.19,83.88,82.33,82.68,1884002
2023-10-13,82.33,82.59,81.73,82.42,2364522
2023-10-16,83.02,84.82,82.59,83.02,4979916
2023-10-17,83.88,83.88,79.85,79.85,2422927
2023-10-18,81.39,81.39,78.04,79.76,6149090
2023-10-19,80.62,80.88,78.9,78.9,3033197
2023-10-20,79.33,79.76,77.27,79.68,2867958
2023-10-23,80.45,80.45,77.87,78.04,1975305
2023-10-24,79.25,79.25,77.87,78.9,1615528
2023-10-25,78.73,79.5,77.96,77.96,1840166
2023-10-26,75.73,77.1,73.76,74.44,5919549
2023-10-27,75.04,75.47,74.01,74.61,2039441
2023-10-30,74.61,74.7,72.9,72.9,1873591
2023-10-31,72.98,73.16,71.18,71.18,3095467
2023-11-01,72.3,73.24,70.84,73.24,2178980
2023-11-02,74.1,76.33,73.67,76.33,2207208
2023-11-03,76.33,76.5,74.61,74.61,4845587
2023-11-06,75.64,76.24,75.3,75.9,1212457
2023-11-07,75.9,76.16,75.39,75.73,1343408
2023-11-08,75.64,79.42,75.47,79.42,2947501
2023-11-09,78.9,80.02,78.73,79.33,2114138
2023-11-10,78.47,79.5,78.3,78.47,2409873
2023-11-13,78.56,78.9,77.62,78.39,1534993
2023-11-14,78.9,80.1,78.3,79.42,2000413
2023-11-15,80.36,80.45,78.9,79.25,2420392
2023-11-16,79.08,79.76,78.56,79.76,1908811
2023-11-17,80.1,80.19,77.7,78.04,3572003
2023-11-20,77.27,79.42,76.42,77.79,1659285
2023-11-21,78.9,78.9,77.79,78.82,1462987
2023-11-22,78.82,79.85,78.82,79.76,3274558
2023-11-23,80.02,80.36,77.87,77.87,2168399
2023-11-24,77.87,78.9,77.36,78.22,2251338
2023-11-27,78.39,78.39,77.27,77.79,1661825
2023-11-28,77.87,78.82,77.1,78.13,1092670
2023-11-29,78.56,78.9,78.13,78.65,804163
2023-11-30,78.39,80.36,78.3,78.82,1984701
2023-12-01,79.08,79.68,78.3,79.25,1192386
2023-12-04,79.42,80.62,79.42,80.28,3466947
2023-12-05,80.45,82.16,80.36,81.3,3596254
2023-12-06,81.48,81.82,80.7,81.48,1223469
2023-12-07,81.56,81.73,79.59,80.88,3765052
2023-12-08,80.88,81.56,80.19,80.79,1747729
2023-12-11,81.9,82.08,81.13,81.48,1567612
2023-12-12,81.82,83.02,81.73,83.02,4090519
2023-12-13,83.53,83.53,81.65,81.65,2152046
2023-12-14,82.16,82.68,81.65,82.5,1715423
2023-12-15,82.5,82.59,81.48,82.5,1477484
2023-12-18,82.25,82.5,80.36,80.62,2269177
2023-12-19,80.53,81.13,80.28,81.13,1253010
2023-12-20,80.88,81.48,80.7,81.22,1351472
2023-12-21,81.13,81.56,80.62,81.56,1758872
2023-12-22,81.48,81.56,80.96,81.13,1276887
2023-12-25,81.39,82.5,81.3,82.33,2019931
2023-12-26,82.76,84.56,82.68,83.36,3364283
2023-12-27,83.53,83.88,83.1,83.1,1359748
2023-12-28,83.19,83.19,82.59,82.85,1199164
2023-12-29,82.85,83.19,82.42,82.42,1869204
2024-01-02,83.1,83.1,82.08,82.25,1717109
2024-01-03,81.99,82.76,81.82,82.59,1439581
2024-01-04,82.59,84.39,82.5,83.36,2978466
2024-01-05,83.45,83.62,82.76,83.53,1140908
2024-01-08,83.53,84.31,83.28,83.45,1446808
2024-01-09,83.45,83.45,82.85,82.85,1213774
2024-01-10,82.93,83.1,81.05,81.22,3309732
2024-01-11,81.22,81.82,81.22,81.48,1373914
2024-01-12,81.3,81.99,80.7,81.22,2602405
2024-01-15,81.48,82.25,81.39,81.82,1315058
2024-01-16,81.22,82.08,81.22,82.08,811904
2024-01-17,81.99,82.33,81.48,82.08,1416305
2024-01-18,82.08,82.33,81.65,81.99,1139263
2024-01-19,82.33,83.1,82.08,82.59,1495663
2024-01-22,83.02,83.02,82.16,82.68,1110387
2024-01-23,82.42,82.68,81.82,81.99,1482899
2024-01-24,82.16,82.16,81.39,81.48,1725114
2024-01-25,81.56,82.08,81.3,81.56,847088
2024-01-26,81.9,82.5,81.73,82.25,927816
2024-01-29,82.25,82.42,81.73,82.25,1062382
2024-01-30,82.25,82.25,81.82,81.99,950876
2024-01-31,81.99,82.33,81.9,82.08,1383416
2024-02-01,82.25,85.68,82.08,85.68,7803177
2024-02-02,85.94,87.65,85.85,87.48,2885879
2024-02-05,87.48,89.28,87.39,88.77,2701349
2024-02-06,88.85,90.05,88.25,89.28,1890491
2024-02-07,89.8,90.05,89.11,89.97,2130668
2024-02-15,90.22,90.48,89.02,89.2,2254547
2024-02-16,89.2,90.14,89.02,90.14,2070089
2024-02-19,90.48,91.77,90.05,90.05,2037643
2024-02-20,90.22,90.22,89.2,89.45,1848111
2024-02-21,89.2,91.68,88.77,90.82,3141692
2024-02-22,90.82,90.91,89.71,89.71,1722092
2024-02-23,90.48,91.51,88.59,89.11,4108378
2024-02-26,89.11,92.62,88.77,92.62,4472548
2024-02-27,93.05,93.91,92.11,92.54,2807162
2024-02-28,92.62,93.05,91.17,93.05,3466729
2024-02-29,92.8,93.83,92.37,93.48,2829302
2024-03-01,93.65,95.54,93.57,95.03,4028406
2024-03-04,95.2,95.88,95.03,95.54,3092985
2024-03-05,95.54,95.54,94.26,94.94,3390992
2024-03-06,94.34,94.68,92.97,93.57,3710122
2024-03-07,93.57,97.68,92.8,95.46,4044840
2024-03-08,95.46,96.57,93.91,94.34,3122548
2024-03-11,94.34,97.34,94.34,94.34,3389872
2024-03-12,94.34,97.34,94.34,95.97,2912964
2024-03-13,96.74,100.34,96.06,100.34,5125138
2024-03-14,101.63,101.63,99.23,100.34,3472473
2024-03-15,100.17,100.17,98.2,99.49,3846741
2024-03-18,99.32,99.32,95.28,96.91,5898676
2024-03-19,96.91,96.91,95.28,96.06,3324749
2024-03-20,96.31,98.63,95.28,98.2,3483551
2024-03-21,98.8,99.66,98.29,99.66,3762372
2024-03-22,99.74,99.74,98.2,98.54,2420313
2024-03-25,97.86,98.71,97.6,97.77,2799669
2024-03-26,97.77,99.06,97.43,98.63,1696761
2024-03-27,98.37,98.89,97.86,98.8,1323812
2024-03-28,99.4,100.69,98.89,100.43,2808951
2024-03-29,99.83,100.52,99.49,99.92,1346605
2024-04-01,99.49,100.86,98.8,100.17,1980689
2024-04-02,98.97,100.34,98.97,100.34,2289100
2024-04-03,99.57,100.34,98.71,98.71,2555654
2024-04-04,98.63,99.32,97.77,97.77,2369065
2024-04-05,97.0,98.37,96.57,97.51,2764447
2024-04-08,97.51,97.51,96.57,96.57,1957677
2024-04-09,96.57,97.08,96.48,96.91,1437679
2024-04-10,97.34,99.14,97.17,97.6,1795600
2024-04-11,97.34,98.97,97.17,98.54,1553032
2024-04-12,99.4,99.4,98.03,99.06,1371708
2024-04-15,99.06,99.14,95.63,95.71,3709209
2024-04-16,96.06,97.08,95.63,96.91,3651849
2024-04-17,97.0,97.0,95.71,95.88,1949454
2024-04-19,94.77,95.37,93.48,93.48,5373515
2024-04-22,94.34,95.54,93.4,94.6,2403688
2024-04-23,95.11,97.17,94.26,96.31,4041971
2024-04-24,97.43,103.0,97.08,103.0,10179208
2024-04-25,105.06,109.78,104.55,105.66,5718864
2024-04-26,105.49,107.55,104.8,105.66,3402188
2024-05-02,106.18,110.64,105.92,109.18,3477702
2024-05-03,109.86,110.12,107.72,107.98,3199400
2024-05-06,108.49,109.44,106.78,109.44,2710850
2024-05-07,109.78,112.87,109.09,112.61,3130425
2024-05-08,111.58,112.35,110.89,112.35,3024432
2024-05-09,112.01,113.9,111.49,111.75,2208946
2024-05-10,112.61,113.38,110.81,112.35,3797696
2024-05-13,112.61,112.78,110.46,111.24,1857811
2024-05-14,111.49,112.95,111.15,111.92,2309312
2024-05-15,112.78,115.35,112.61,115.01,3659473
2024-05-16,116.3,117.75,115.1,116.12,3128143
2024-05-17,116.12,116.64,114.67,115.35,2314616
2024-05-20,115.95,116.72,114.07,114.07,2020789
2024-05-21,114.92,116.64,114.5,116.64,3478265
2024-05-22,118.27,119.81,116.72,118.35,4522916
2024-05-23,117.93,118.18,115.78,117.93,3630410
2024-05-24,118.35,118.35,112.01,113.12,13398023
2024-05-27,114.07,114.5,112.01,113.9,5172903
2024-05-28,114.92,117.5,114.15,117.5,4632228
2024-05-29,117.58,118.53,115.61,116.38,5844515
2024-05-30,114.75,115.78,113.12,115.78,7273584
2024-05-31,115.78,117.32,114.75,115.44,2639516
2024-06-03,115.78,118.01,115.52,117.41,7782256
2024-06-04,119.21,119.47,118.18,119.3,7019713
2024-06-05,120.07,124.27,119.81,120.16,6336780
2024-06-06,120.33,121.53,119.04,119.73,5222139
2024-06-07,120.93,121.78,120.5,121.78,3762372
2024-06-10,123.07,124.36,122.64,123.5,3785656
2024-06-11,123.76,125.64,122.73,125.64,6340276
2024-06-12,127.02,131.78,126.92,131.09,11246768
2024-06-13,132.78,132.88,129.1,129.1,8167546
2024-06-14,129.2,131.68,128.11,130.1,6425220
2024-06-17,130.1,130.49,127.61,127.91,4890848
2024-06-18,127.91,128.8,127.12,127.12,6694763
2024-06-19,127.12,131.88,125.73,130.59,9684926
2024-06-20,132.08,134.76,130.89,132.38,10482529
2024-06-21,132.98,135.16,132.38,135.16,7663338
2024-06-24,134.07,134.56,131.09,131.19,13202385
2024-06-25,130.1,130.2,127.71,129.1,13723703
2024-06-26,130.1,130.89,128.51,130.89,7158131
2024-06-27,130.39,133.18,129.9,131.88,6409612
2024-06-28,131.88,131.88,129.5,129.6,6641381
2024-07-01,129.5,129.5,127.61,127.71,6386361
2024-07-02,127.71,131.19,126.62,127.12,6735345
2024-07-03,129.6,131.88,129.2,130.1,7642345
2024-07-04,131.19,134.86,131.19,134.86,8129152
2024-07-05,135.16,138.74,135.16,137.74,7807749
2024-07-08,137.54,138.64,136.55,138.64,5876745
2024-07-09,138.14,138.34,135.06,136.55,9689262
2024-07-10,135.06,136.06,133.07,133.07,6309470
2024-07-11,133.18,134.47,131.59,132.08,6857179
2024-07-12,131.29,135.06,131.29,132.88,3562395
2024-07-15,132.58,133.87,131.39,131.78,3074934
2024-07-16,132.68,133.57,131.39,133.07,4007693
2024-07-17,133.07,133.18,129.0,130.99,6980219
2024-07-18,130.49,130.49,126.92,127.02,10828773
2024-07-19,127.71,128.41,125.13,125.13,6581002
2024-07-22,125.13,125.13,122.35,123.24,6242427
2024-07-23,124.04,126.62,123.94,124.63,5323805
2024-07-24,124.63,125.73,123.14,125.13,4160841
2024-07-25,123.34,124.63,123.24,124.14,2569074
2024-07-26,125.03,127.12,123.54,127.12,3959362
2024-07-29,129.1,129.7,128.11,128.11,4867859
2024-07-30,128.11,128.61,126.12,127.12,2383126
2024-07-31,126.42,127.71,125.73,127.71,2875191
2024-08-01,128.71,128.8,123.24,123.94,6904015
2024-08-02,121.26,123.94,120.16,122.35,9975015
2024-08-05,120.26,122.05,116.59,117.78,10450171
2024-08-06,119.17,121.06,118.97,119.97,6748144
2024-08-07,120.16,121.16,119.37,121.16,2832328
2024-08-08,120.76,121.56,120.07,120.56,2663832
2024-08-09,121.56,126.02,121.16,126.02,5511755
2024-08-12,126.02,129.3,125.33,129.1,6204408
2024-08-13,128.8,129.3,127.12,128.8,4110939
2024-08-14,129.8,130.59,128.61,128.61,2869469
2024-08-15,128.21,128.61,127.32,127.81,2266445
2024-08-16,128.21,130.1,128.21,129.7,5109223
2024-08-19,130.2,130.49,129.1,129.6,2508560
2024-08-20,129.8,131.59,129.8,130.59,3753490
2024-08-21,129.7,132.88,129.7,132.58,6137230
2024-08-22,133.07,133.57,132.58,132.88,3032995
2024-08-23,132.78,132.78,131.49,132.18,3064441
2024-08-26,132.38,132.58,130.59,130.59,2598875
2024-08-27,130.59,131.68,129.5,131.59,2346895
2024-08-28,132.08,133.57,131.98,132.38,2721387
2024-08-29,131.88,132.88,131.29,132.78,2098979
2024-08-30,132.58,133.97,132.08,133.87,3327420
2024-09-04,132.08,132.08,130.59,132.08,4547807
2024-09-05,132.08,132.08,128.8,129.7,8071651
2024-09-06,129.6,131.98,129.4,131.19,3829410
2024-09-09,129.9,130.99,129.2,130.39,2891093
2024-09-10,130.1,130.1,128.71,129.1,4203583
2024-09-11,129.1,130.39,128.9,129.7,3196732
2024-09-12,130.1,131.59,130.1,131.39,4124400
2024-09-13,131.29,132.48,131.09,132.08,3191984
2024-09-16,130.89,132.08,130.2,130.2,1921844
2024-09-17,130.29,131.98,130.29,131.98,2656869
2024-09-18,132.48,134.27,131.98,133.67,5390349
2024-09-19,134.07,134.86,133.37,134.27,5162767
2024-09-20,135.36,136.06,134.07,134.37,3728818
2024-09-23,134.96,134.96,132.48,133.07,2449563
2024-09-24,133.07,133.77,132.78,133.57,2017214
2024-09-25,133.37,133.87,132.68,133.87,4486319
2024-09-26,134.07,134.07,132.98,133.37,2821536
2024-09-27,133.37,133.47,132.58,133.27,3358474
2024-09-30,133.27,133.57,132.08,133.57,3037449
2024-10-01,133.77,135.26,133.77,134.96,4732079
2024-10-02,133.67,134.96,133.67,134.47,1725815
2024-10-03,134.47,135.16,133.07,133.07,2306560
2024-10-04,133.37,133.87,132.58,133.18,1473158
2024-10-07,133.27,133.97,132.68,133.18,1336595
2024-10-08,133.18,134.17,132.68,132.88,2114750
2024-10-09,133.37,134.86,133.37,134.47,2626409
2024-10-10,134.86,141.02,134.86,140.72,9980507
2024-10-11,141.02,141.82,138.64,138.64,3824418
2024-10-14,140.13,140.32,136.15,136.65,5616349
2024-10-15,136.65,137.64,135.66,136.06,2869640
2024-10-16,135.46,136.15,135.06,135.36,2762322
2024-10-17,135.56,136.15,134.56,136.06,2584896
2024-10-18,136.45,136.85,135.66,136.06,2175065
2024-10-21,136.06,136.75,134.56,134.56,2688428
2024-10-22,134.76,134.76,132.08,132.18,6022016
2024-10-23,131.98,133.87,131.68,133.27,3019672
2024-10-24,133.27,133.37,132.88,133.37,2281798
2024-10-25,133.37,133.67,132.68,133.07,1843711
2024-10-28,133.18,134.07,132.68,133.97,1509996
2024-10-29,134.47,134.56,133.87,134.47,2462885
2024-10-30,134.47,134.96,134.27,134.96,1713550
2024-10-31,134.96,135.06,134.37,134.96,1244928
2024-11-01,134.07,134.07,132.68,133.67,2676189
2024-11-04,133.67,133.67,131.78,131.88,3188263
2024-11-05,132.08,133.07,131.39,131.68,1663185
2024-11-06,132.18,133.67,132.08,133.67,1805646
2024-11-07,134.37,136.65,133.27,134.17,3579749
2024-11-08,135.16,135.86,134.17,134.86,2110766
2024-11-11,135.56,138.54,135.06,137.35,5301235
2024-11-12,137.64,137.94,134.96,135.86,2921656
2024-11-13,135.76,137.15,135.16,136.85,3460835
2024-11-14,136.95,138.94,135.06,135.06,4743684
2024-11-15,134.37,134.76,131.68,132.98,6574421
2024-11-18,133.07,133.67,131.59,133.07,3910975
2024-11-19,132.58,132.68,129.0,129.1,7652727
2024-11-20,129.1,131.49,125.83,131.49,8474055
2024-11-21,131.49,132.08,130.1,132.08,3183165
2024-11-22,131.98,133.47,131.59,132.98,2920914
2024-11-25,133.07,133.07,132.28,132.98,1855059
2024-11-26,132.48,134.96,132.38,134.27,4182343
2024-11-27,134.27,138.74,134.27,137.94,9826373
2024-11-28,138.44,139.03,137.35,138.44,4750858
2024-11-29,138.44,144.4,138.04,143.3,11617080
2024-12-02,144.3,146.0,141.6,142.2,6629554
2024-12-03,141.7,145.9,141.7,145.0,5115471
2024-12-04,145.0,146.3,142.8,143.5,5618586
2024-12-05,144.0,148.5,143.6,148.5,4862983
2024-12-06,151.9,151.9,148.0,149.5,4554818
2024-12-09,149.2,149.5,146.1,147.0,4551406
2024-12-10,147.1,149.5,147.0,149.5,3603755
2024-12-11,150.0,151.7,149.7,150.5,4828035
2024-12-12,151.9,151.9,149.2,150.2,4158310
2024-12-13,149.5,150.9,149.4,149.5,3387167
2024-12-16,149.6,150.6,149.5,149.9,3296592
2024-12-17,150.1,150.5,147.7,148.0,5958677
2024-12-18,148.0,149.8,148.0,148.7,2927454
2024-12-19,147.3,149.0,147.2,148.1,4811922
2024-12-20,148.5,150.6,148.3,149.5,3544255
2024-12-23,149.5,149.9,148.7,149.8,2520029
2024-12-24,150.0,150.8,149.4,150.4,2306686
2024-12-25,150.6,151.2,150.4,150.8,2517969
2024-12-26,151.0,151.4,149.1,149.8,2238343
2024-12-27,149.5,149.9,148.7,149.6,2567003
2024-12-30,149.4,150.8,148.5,150.5,1986819
2024-12-31,150.7,153.9,150.3,152.5,3612655
2024-03-21,98.8,99.66,98.29,99.66,3762372
2024-03-22,99.74,99.74,98.2,98.54,2420313
2024-03-25,97.86,98.71,97.6,97.77,2799669
2024-03-26,97.77,99.06,97.43,98.63,1696761
2024-03-27,98.37,98.89,97.86,98.8,1323812
2024-03-28,99.4,100.69,98.89,100.43,2808951
2024-03-29,99.83,100.52,99.49,99.92,1346605
2024-04-01,99.49,100.86,98.8,100.17,1980689
2024-04-02,98.97,100.34,98.97,100.34,2289100
2024-04-03,99.57,100.34,98.71,98.71,2555654
2024-04-04,98.63,99.32,97.77,97.77,2369065
2024-04-05,97.0,98.37,96.57,97.51,2764447
2024-04-08,97.51,97.51,96.57,96.57,1957677
2024-04-09,96.57,97.08,96.48,96.91,1437679
2024-04-10,97.34,99.14,97.17,97.6,1795600
2024-04-11,97.34,98.97,97.17,98.54,1553032
2024-04-12,99.4,99.4,98.03,99.06,1371708
2024-04-15,99.06,99.14,95.63,95.71,3709209
2024-04-16,96.06,97.08,95.63,96.91,3651849
2024-04-17,97.0,97.0,95.71,95.88,1949454
2024-04-19,94.77,95.37,93.48,93.48,5373515
2024-04-22,94.34,95.54,93.4,94.6,2403688
2024-04-23,95.11,97.17,94.26,96.31,4041971
2024-04-24,97.43,103.0,97.08,103.0,10179208
2024-04-25,105.06,109.78,104.55,105.66,5718864
2024-04-26,105.49,107.55,104.8,105.66,3402188
2024-05-02,106.18,110.64,105.92,109.18,3477702
2024-05-03,109.86,110.12,107.72,107.98,3199400
2024-05-06,108.49,109.44,106.78,109.44,2710850
2024-05-07,109.78,112.87,109.09,112.61,3130425
2024-05-08,111.58,112.35,110.89,112.35,3024432
2024-05-09,112.01,113.9,111.49,111.75,2208946
2024-05-10,112.61,113.38,110.81,112.35,3797696
2024-05-13,112.61,112.78,110.46,111.24,1857811
2024-05-14,111.49,112.95,111.15,111.92,2309312
2024-05-15,112.78,115.35,112.61,115.01,3659473
2024-05-16,116.3,117.75,115.1,116.12,3128143
2024-05-17,116.12,116.64,114.67,115.35,2314616
2024-05-20,115.95,116.72,114.07,114.07,2020789
2024-05-21,114.92,116.64,114.5,116.64,3478265
2024-05-22,118.27,119.81,116.72,118.35,4522916
2024-05-23,117.93,118.18,115.78,117.93,3630410
2024-05-24,118.35,118.35,112.01,113.12,13398023
2024-05-27,114.07,114.5,112.01,113.9,5172903
2024-05-28,114.92,117.5,114.15,117.5,4632228
2024-05-29,117.58,118.53,115.61,116.38,5844515
2024-05-30,114.75,115.78,113.12,115.78,7273584
2024-05-31,115.78,117.32,114.75,115.44,2639516
2024-06-03,115.78,118.01,115.52,117.41,7782256
2024-06-04,119.21,119.47,118.18,119.3,7019713
2024-06-05,120.07,124.27,119.81,120.16,6336780
2024-06-06,120.33,121.53,119.04,119.73,5222139
2024-06-07,120.93,121.78,120.5,121.78,3762372
2024-06-10,123.07,124.36,122.64,123.5,3785656
2024-06-11,123.76,125.64,122.73,125.64,6340276
2024-06-12,127.02,131.78,126.92,131.09,11246768
2024-06-13,132.78,132.88,129.1,129.1,8167546
2024-06-14,129.2,131.68,128.11,130.1,6425220
2024-06-17,130.1,130.49,127.61,127.91,4890848
2024-06-18,127.91,128.8,127.12,127.12,6694763
2024-06-19,127.12,131.88,125.73,130.59,9684926
2024-06-20,132.08,134.76,130.89,132.38,10482529
2024-06-21,132.98,135.16,132.38,135.16,7663338
2024-06-24,134.07,134.56,131.09,131.19,13202385
2024-06-25,130.1,130.2,127.71,129.1,13723703
2024-06-26,130.1,130.89,128.51,130.89,7158131
2024-06-27,130.39,133.18,129.9,131.88,6409612
2024-06-28,131.88,131.88,129.5,129.6,6641381
2024-07-01,129.5,129.5,127.61,127.71,6386361
2024-07-02,127.71,131.19,126.62,127.12,6735345
2024-07-03,129.6,131.88,129.2,130.1,7642345
2024-07-04,131.19,134.86,131.19,134.86,8129152
2024-07-05,135.16,138.74,135.16,137.74,7807749
2024-07-08,137.54,138.64,136.55,138.64,5876745
2024-07-09,138.14,138.34,135.06,136.55,9689262
2024-07-10,135.06,136.06,133.07,133.07,6309470
2024-07-11,133.18,134.47,131.59,132.08,6857179
2024-07-12,131.29,135.06,131.29,132.88,3562395
2024-07-15,132.58,133.87,131.39,131.78,3074934
2024-07-16,132.68,133.57,131.39,133.07,4007693
2024-07-17,133.07,133.18,129.0,130.99,6980219
2024-07-18,130.49,130.49,126.92,127.02,10828773
2024-07-19,127.71,128.41,125.13,125.13,6581002
2024-07-22,125.13,125.13,122.35,123.24,6242427
2024-07-23,124.04,126.62,123.94,124.63,5323805
2024-07-24,124.63,125.73,123.14,125.13,4160841
2024-07-25,123.34,124.63,123.24,124.14,2569074
2024-07-26,125.03,127.12,123.54,127.12,3959362
2024-07-29,129.1,129.7,128.11,128.11,4867859
2024-07-30,128.11,128.61,126.12,127.12,2383126
2024-07-31,126.42,127.71,125.73,127.71,2875191
2024-08-01,128.71,128.8,123.24,123.94,6904015
2024-08-02,121.26,123.94,120.16,122.35,9975015
2024-08-05,120.26,122.05,116.59,117.78,10450171
2024-08-06,119.17,121.06,118.97,119.97,6748144
2024-08-07,120.16,121.16,119.37,121.16,2832328
2024-08-08,120.76,121.56,120.07,120.56,2663832
2024-08-09,121.56,126.02,121.16,126.02,5511755
2024-08-12,126.02,129.3,125.33,129.1,6204408
2024-08-13,128.8,129.3,127.12,128.8,4110939
2024-08-14,129.8,130.59,128.61,128.61,2869469
2024-08-15,128.21,128.61,127.32,127.81,2266445
2024-08-16,128.21,130.1,128.21,129.7,5109223
2024-08-19,130.2,130.49,129.1,129.6,2508560
2024-08-20,129.8,131.59,129.8,130.59,3753490
2024-08-21,129.7,132.88,129.7,132.58,6137230
2024-08-22,133.07,133.57,132.58,132.88,3032995
2024-08-23,132.78,132.78,131.49,132.18,3064441
2024-08-26,132.38,132.58,130.59,130.59,2598875
2024-08-27,130.59,131.68,129.5,131.59,2346895
2024-08-28,132.08,133.57,131.98,132.38,2721387
2024-08-29,131.88,132.88,131.29,132.78,2098979
2024-08-30,132.58,133.97,132.08,133.87,3327420
2024-09-04,132.08,132.08,130.59,132.08,4547807
2024-09-05,132.08,132.08,128.8,129.7,8071651
2024-09-06,129.6,131.98,129.4,131.19,3829410
2024-09-09,129.9,130.99,129.2,130.39,2891093
2024-09-10,130.1,130.1,128.71,129.1,4203583
2024-09-11,129.1,130.39,128.9,129.7,3196732
2024-09-12,130.1,131.59,130.1,131.39,4124400
2024-09-13,131.29,132.48,131.09,132.08,3191984
2024-09-16,130.89,132.08,130.2,130.2,1921844
2024-09-17,130.29,131.98,130.29,131.98,2656869
2024-09-18,132.48,134.27,131.98,133.67,5390349
2024-09-19,134.07,134.86,133.37,134.27,5162767
2024-09-20,135.36,136.06,134.07,134.37,3728818
2024-09-23,134.96,134.96,132.48,133.07,2449563
2024-09-24,133.07,133.77,132.78,133.57,2017214
2024-09-25,133.37,133.87,132.68,133.87,4486319
2024-09-26,134.07,134.07,132.98,133.37,2821536
2024-09-27,133.37,133.47,132.58,133.27,3358474
2024-09-30,133.27,133.57,132.08,133.57,3037449
2024-10-01,133.77,135.26,133.77,134.96,4732079
2024-10-02,133.67,134.96,133.67,134.47,1725815
2024-10-03,134.47,135.16,133.07,133.07,2306560
2024-10-04,133.37,133.87,132.58,133.18,1473158
2024-10-07,133.27,133.97,132.68,133.18,1336595
2024-10-08,133.18,134.17,132.68,132.88,2114750
2024-10-09,133.37,134.86,133.37,134.47,2626409
2024-10-10,134.86,141.02,134.86,140.72,9980507
2024-10-11,141.02,141.82,138.64,138.64,3824418
2024-10-14,140.13,140.32,136.15,136.65,5616349
2024-10-15,136.65,137.64,135.66,136.06,2869640
2024-10-16,135.46,136.15,135.06,135.36,2762322
2024-10-17,135.56,136.15,134.56,136.06,2584896
2024-10-18,136.45,136.85,135.66,136.06,2175065
2024-10-21,136.06,136.75,134.56,134.56,2688428
2024-10-22,134.76,134.76,132.08,132.18,6022016
2024-10-23,131.98,133.87,131.68,133.27,3019672
2024-10-24,133.27,133.37,132.88,133.37,2281798
2024-10-25,133.37,133.67,132.68,133.07,1843711
2024-10-28,133.18,134.07,132.68,133.97,1509996
2024-10-29,134.47,134.56,133.87,134.47,2462885
2024-10-30,134.47,134.96,134.27,134.96,1713550
2024-10-31,134.96,135.06,134.37,134.96,1244928
2024-11-01,134.07,134.07,132.68,133.67,2676189
2024-11-04,133.67,133.67,131.78,131.88,3188263
2024-11-05,132.08,133.07,131.39,131.68,1663185
2024-11-06,132.18,133.67,132.08,133.67,1805646
2024-11-07,134.37,136.65,133.27,134.17,3579749
2024-11-08,135.16,135.86,134.17,134.86,2110766
2024-11-11,135.56,138.54,135.06,137.35,5301235
2024-11-12,137.64,137.94,134.96,135.86,2921656
2024-11-13,135.76,137.15,135.16,136.85,3460835
2024-11-14,136.95,138.94,135.06,135.06,4743684
2024-11-15,134.37,134.76,131.68,132.98,6574421
2024-11-18,133.07,133.67,131.59,133.07,3910975
2024-11-19,132.58,132.68,129.0,129.1,7652727
2024-11-20,129.1,131.49,125.83,131.49,8474055
2024-11-21,131.49,132.08,130.1,132.08,3183165
2024-11-22,131.98,133.47,131.59,132.98,2920914
2024-11-25,133.07,133.07,132.28,132.98,1855059
2024-11-26,132.48,134.96,132.38,134.27,4182343
2024-11-27,134.27,138.74,134.27,137.94,9826373
2024-11-28,138.44,139.03,137.35,138.44,4750858
2024-11-29,138.44,144.4,138.04,143.3,11617080
2024-12-02,144.3,146.0,141.6,142.2,6629554
2024-12-03,141.7,145.9,141.7,145.0,5115471
2024-12-04,145.0,146.3,142.8,143.5,5618586
2024-12-05,144.0,148.5,143.6,148.5,4862983
2024-12-06,151.9,151.9,148.0,149.5,4554818
2024-12-09,149.2,149.5,146.1,147.0,4551406
2024-12-10,147.1,149.5,147.0,149.5,3603755
2024-12-11,150.0,151.7,149.7,150.5,4828035
2024-12-12,151.9,151.9,149.2,150.2,4158310
2024-12-13,149.5,150.9,149.4,149.5,3387167
2024-12-16,149.6,150.6,149.5,149.9,3296592
2024-12-17,150.1,150.5,147.7,148.0,5958677
2024-12-18,148.0,149.8,148.0,148.7,2927454
2024-12-19,147.3,149.0,147.2,148.1,4811922
2024-12-20,148.5,150.6,148.3,149.5,3544255
2024-12-23,149.5,149.9,148.7,149.8,2520029
2024-12-24,150.0,150.8,149.4,150.4,2306686
2024-12-25,150.6,151.2,150.4,150.8,2517969
2024-12-26,151.0,151.4,149.1,149.8,2238343
2024-12-27,149.5,149.9,148.7,149.6,2567003
2024-12-30,149.4,150.8,148.5,150.5,1986819
2024-12-31,150.7,153.9,150.3,152.5,3612655
2025-01-02,152.5,152.7,150.1,152.0,3179535
2025-01-03,151.3,151.3,149.0,149.0,4342125
2025-01-06,149.1,150.2,148.4,149.3,3472044
2025-01-07,149.5,151.3,149.5,150.1,3458671
2025-01-08,150.0,150.0,148.1,148.3,3886957
2025-01-09,148.3,149.2,148.0,148.8,1724571
2025-01-10,148.8,149.1,147.2,147.3,2531304
2025-01-13,146.1,148.5,144.7,147.6,3495883
2025-01-14,147.6,148.0,145.1,145.1,2910614
2025-01-15,146.0,146.5,144.8,145.5,2849518
2025-01-16,146.2,147.0,145.2,146.5,3577267
2025-01-17,146.6,150.1,146.0,149.0,3543613
2025-01-20,149.0,150.4,148.2,150.0,2222776
2025-01-21,150.5,151.4,149.0,149.9,2487666
2025-01-22,149.6,150.6,149.2,149.7,2791445
2025-01-23,150.1,156.0,150.0,154.3,7071025
2025-01-24,154.1,154.5,153.4,153.4,3663137
2025-02-03,148.0,149.2,145.3,145.5,12782345
2025-02-04,146.0,147.0,145.3,146.2,5484258
2025-02-05,146.9,147.5,145.8,146.3,5215921
2025-02-06,147.0,147.3,145.6,146.5,3436430
2025-02-07,146.5,146.7,145.8,146.1,3871195
2025-02-10,145.5,145.5,142.0,142.0,7778331
2025-02-11,142.2,145.4,140.1,145.4,5374143
2025-02-12,145.6,145.7,144.3,145.0,1894041
2025-02-13,145.0,145.0,142.7,143.1,2864744
2025-02-14,144.0,145.0,143.6,144.9,3258612
2025-02-17,145.0,145.0,143.4,143.6,2476462
2025-02-18,143.8,144.4,143.1,143.9,1670138
2025-02-19,143.9,144.9,143.1,144.0,3035921
2025-02-20,144.2,144.6,143.0,143.0,3392942
2025-02-21,142.8,142.9,141.5,142.0,5328132
2025-02-24,142.0,142.0,139.5,140.5,7522473
2025-02-25,140.4,140.4,138.2,139.0,6832220
2025-02-26,139.1,141.8,138.9,141.8,3331505
2025-02-27,142.0,142.2,140.7,141.3,3433107
2025-02-28,140.1,141.1,139.0,140.3,4704828
2025-03-03,140.5,141.4,140.3,140.5,2546980
2025-03-04,139.5,140.6,139.3,140.0,3480042
2025-03-05,140.0,140.1,139.1,139.1,2862185
2025-03-06,139.5,143.5,139.5,141.6,6428376
2025-03-07,141.7,142.7,141.1,141.4,2966941
2025-03-10,141.5,141.5,139.2,139.3,5343134
2025-03-11,138.0,138.5,137.0,137.5,5801595
2025-03-12,137.7,138.7,135.9,135.9,6229823
2025-03-13,136.1,138.0,136.1,136.5,3630282
2025-03-14,135.6,136.3,130.8,131.4,16174178
2025-03-17,131.6,132.1,129.6,130.0,6750806
2025-03-18,130.1,132.2,130.0,130.0,5538119
2025-03-19,130.1,130.6,123.5,124.6,18229064
2025-03-20,124.6,126.8,124.5,125.0,8231543
2025-03-21,125.0,129.0,125.0,128.0,6450846
